Site,Metric,Set,alg,ar1_phi,term,estimate,std.error,statistic,p.value
Anvil,max,A,gls_ar1,0.9228815448693942,(Intercept),17.97258599489197,2.8752165437852533,6.250863446699172,1.8928148036327e-9
Anvil,max,A,gls_ar1,0.9228815448693942,Air_tmin_7day,0.21705704878938945,0.08583069038782515,2.528897854702313,0.012095062279503023
Anvil,max,A,gls_ar1,0.9228815448693942,GWT_min_7day,-0.7539450973049437,0.3103562879635191,-2.429288938375131,0.01587600772384984
Anvil,max,A,gls_ar1,0.9228815448693942,GWL_max_7day,4.475218722980993,4.3522483097341205,1.0282544571208956,0.3048828552915193
Anvil,max,A,gls_ar1,0.9228815448693942,ppt,-0.03967951741625814,0.01550952027821716,-2.558397468423785,0.011141285967720979
Anvil,max,A,gls_ar1,0.9228815448693942,Air_trange,0.03992523366378873,0.015273164216260075,2.614077416995467,0.009522457001163206
Anvil,max,A,gls_ar1,0.9228815448693942,WL_daily_range,-0.6779639994954144,3.6215561407488606,-0.18720239950642487,0.8516627826644005
Anvil,max,A,gls_ar1,0.9228815448693942,GWT_range,-0.4160173028219138,0.5365472128855144,-0.7753601040709932,0.4389031300941658
Anvil,max,B,gls_ar1,0.9510444871843732,(Intercept),7.587292606859818,1.2076510663443571,6.282686132035701,1.5608378705053393e-9
Anvil,max,B,gls_ar1,0.9510444871843732,Solar_3d,0.15759369516421137,0.02520162438222964,6.253314975813029,1.8351818452660427e-9
Anvil,max,B,gls_ar1,0.9510444871843732,Air_tmin_7day,0.117909973051692,0.07694596891007587,1.5323736216706736,0.1267528559485983
Anvil,max,B,gls_ar1,0.9510444871843732,ppt,-0.02842496921625654,0.014186157674948078,-2.0037116369045695,0.04622978154641144
Anvil,max,B,gls_ar1,0.9510444871843732,Air_trange,0.0072660900111302835,0.015074570327375015,0.48200975904004767,0.6302401146074954
Anvil,mean,A,gls_ar1,0.9644329119051515,(Intercept),13.652073726093475,2.2685083374392194,6.018083998538206,6.689644292601969e-9
Anvil,mean,A,gls_ar1,0.9644329119051515,Air_tmin,0.1416258342697236,0.014086360523143581,10.054111140846883,5.043473564824316e-20
Anvil,mean,A,gls_ar1,0.9644329119051515,GWT_min_7day,-0.41478388244006953,0.2310140018096566,-1.7954923908977156,0.07385456825838568
Anvil,mean,A,gls_ar1,0.9644329119051515,GWL_max_7day,1.6341481219064946,3.18691202605265,0.5127685071152001,0.6085928685142806
Anvil,mean,A,gls_ar1,0.9644329119051515,ppt,-0.03182561240089446,0.008876929752772912,-3.5852049399121357,4.0924606567888886e-4
Anvil,mean,A,gls_ar1,0.9644329119051515,Air_trange,0.05184860740888551,0.008832311027617393,5.870333058557631,1.4655692537259352e-8
Anvil,mean,A,gls_ar1,0.9644329119051515,GWT_range,-0.3553264851305982,0.3078151125471906,-1.1543503572331062,0.2495241331710138
Anvil,mean,A,gls_ar1,0.9644329119051515,GWL_range,-4.565103072991839,1.4349199443246858,-3.1814339824653466,0.001662164964692297
Anvil,mean,B,gls_ar1,0.9741136620423788,(Intercept),7.86461759665928,0.9899606809523087,7.944373698856185,7.656435233296462e-14
Anvil,mean,B,gls_ar1,0.9741136620423788,Solar_3d,0.07548387457738928,0.015460257559072602,4.882446122839188,1.9175730272779883e-6
Anvil,mean,B,gls_ar1,0.9741136620423788,Air_tmin,0.13063852327787387,0.013626471933377467,9.587112784335638,1.255098015709922e-18
Anvil,mean,B,gls_ar1,0.9741136620423788,ppt,-0.022715391190304413,0.008583282569651629,-2.6464689943472717,0.00867400780289027
Anvil,mean,B,gls_ar1,0.9741136620423788,Air_trange,0.03669852698564115,0.00918216107349959,3.996720019599293,8.559678427796921e-5
Anvil,range,A,gls_ar1,0.7850156965181466,(Intercept),2.7146394090512715,1.3996366946958332,1.939531465085811,0.05363349240744272
Anvil,range,A,gls_ar1,0.7850156965181466,Solar_daily,0.09590933215889876,0.011572983741770316,8.287347005658848,8.896673304374527e-15
Anvil,range,A,gls_ar1,0.7850156965181466,Air_tmean_7day,-0.05391096709522283,0.05808781188290882,-0.9280942997800379,0.3543109133954926
Anvil,range,A,gls_ar1,0.7850156965181466,GWT_min_7day,-0.2023308604301576,0.15873502052681973,-1.2746453791901073,0.20369368290352677
Anvil,range,A,gls_ar1,0.7850156965181466,GWL_max_7day,1.4306690921981406,2.2516256050619656,0.6353938634299586,0.5257897871294702
Anvil,range,A,gls_ar1,0.7850156965181466,ppt_7day,0.0053843534511339485,0.012361149430257809,0.4355867940528287,0.6635363745208736
Anvil,range,A,gls_ar1,0.7850156965181466,Air_trange,0.007195719047341307,0.014990249178550439,0.48002664676432916,0.6316549386284638
Anvil,range,A,gls_ar1,0.7850156965181466,WL_daily_range,2.2802546329208293,3.5785266101708353,0.637204883831218,0.5246116785814091
Anvil,range,A,gls_ar1,0.7850156965181466,GWT_range,0.12725586075428547,0.5330374769995467,0.2387371737360855,0.8115174487373116
Anvil,range,B,gls_ar1,0.8173763841203474,(Intercept),1.5081021358031665,0.9356080420963216,1.611895225295537,0.10830447243064924
Anvil,range,B,gls_ar1,0.8173763841203474,Solar_daily,0.09732408298203493,0.011209885102933257,8.681987557264831,6.16669213635405e-16
Anvil,range,B,gls_ar1,0.8173763841203474,Air_tmean_7day,-0.1108067798257082,0.05323295855191518,-2.081544645271678,0.03844870089010138
Anvil,range,B,gls_ar1,0.8173763841203474,ppt_7day,0.0018923502170514258,0.012183140187310313,0.1553253256514651,0.8766959521301179
Anvil,range,B,gls_ar1,0.8173763841203474,Air_trange,0.009328384263807072,0.014772516693823593,0.6314688591759914,0.5283374886155748
Butte,max,A,gls_ar1,0.5412313650633469,(Intercept),10.744745753201427,2.8132024048535107,3.8194001735047314,1.7123543051839946e-4
Butte,max,A,gls_ar1,0.5412313650633469,Solar_2d,0.19443021432152094,0.016095285327078865,12.079948281153467,1.8759061404734956e-26
Butte,max,A,gls_ar1,0.5412313650633469,WL_max_2day,-14.597166415500752,8.811384837777208,-1.6566256819152942,0.09892968961999395
Butte,max,A,gls_ar1,0.5412313650633469,Air_tmin,0.21268156226457555,0.017763576356500405,11.97290219020264,4.1845128802020346e-26
Butte,max,A,gls_ar1,0.5412313650633469,GWT_min_7day,0.09928202729829136,0.09377139948421745,1.058766615880585,0.29079313814123775
Butte,max,A,gls_ar1,0.5412313650633469,ppt_7day,0.001685997734117729,0.007837007331109036,0.2151328514680793,0.8298503270966959
Butte,max,A,gls_ar1,0.5412313650633469,Air_trange,0.004191003250852492,0.013915133793353983,0.3011831084839558,0.7635411909949525
Butte,max,A,gls_ar1,0.5412313650633469,WL_daily_range,4.101699377700611,5.473106433534747,0.7494280309567399,0.454348801031919
Butte,max,A,gls_ar1,0.5412313650633469,GWT_range,0.44341998191522686,0.677110194807633,0.6548712237912804,0.5131911361280306
Butte,max,B,gls_ar1,0.5260908090873779,(Intercept),9.021844752764757,0.36127998285794516,24.971892108155174,1.484729896802442e-68
Butte,max,B,gls_ar1,0.5260908090873779,Solar_2d,0.18496691311026497,0.013760414547080435,13.441957905949108,4.698718125240637e-31
Butte,max,B,gls_ar1,0.5260908090873779,Air_tmin,0.22474833253211857,0.01702672467979108,13.199739630421758,3.0242122640826404e-30
Butte,max,B,gls_ar1,0.5260908090873779,ppt_7day,-0.006183345667772318,0.007245553981283581,-0.853398606061715,0.39429277242235095
Butte,max,B,gls_ar1,0.5260908090873779,Air_trange,0.0036599803151183656,0.01382524750266718,0.26473163062088245,0.7914443725262229
Butte,mean,A,gls_ar1,0.8606450730120001,(Intercept),8.555897845241807,3.750136104431237,2.2814899531598294,0.02341866991131903
Butte,mean,A,gls_ar1,0.8606450730120001,Solar_3d,0.08254261600299569,0.015524429247178598,5.316950123496292,2.4612894823367674e-7
Butte,mean,A,gls_ar1,0.8606450730120001,WL_max_2day,-30.822892905643993,6.4621088118499,-4.7697885942623675,3.2453493433981873e-6
Butte,mean,A,gls_ar1,0.8606450730120001,WL_min_3day,26.00060994872786,10.102183536498353,2.57376139077159,0.010676952953728851
Butte,mean,A,gls_ar1,0.8606450730120001,Air_tmin,0.18581546033808788,0.012465928177747618,14.905866429567508,8.911251096773714e-36
Butte,mean,A,gls_ar1,0.8606450730120001,GWT_max,0.23085664783498938,0.16291131100677306,1.4170694865096967,0.157792631747238
Butte,mean,A,gls_ar1,0.8606450730120001,ppt_7day,0.005984160617277913,0.006499192727263112,0.9207544488064313,0.3581269023525473
Butte,mean,A,gls_ar1,0.8606450730120001,Air_trange,0.04608358545236473,0.008455487792482523,5.450139197567765,1.273964047314294e-7
Butte,mean,A,gls_ar1,0.8606450730120001,GWT_range,0.3749885619332481,0.3908167050114244,0.9594998297789916,0.33829735665477156
Butte,mean,A,gls_ar1,0.8606450730120001,GWL_range,-1.1918820436205089,2.3795120576816395,-0.5008934666974373,0.6169169270967026
Butte,mean,B,gls_ar1,0.863298592705504,(Intercept),9.820111841178635,0.3918916851835068,25.058229639601258,8.165905912722215e-69
Butte,mean,B,gls_ar1,0.863298592705504,Solar_3d,0.06468957040637172,0.014039990394310673,4.607522412022833,6.631936705582606e-6
Butte,mean,B,gls_ar1,0.863298592705504,Air_tmin,0.19049966733810808,0.012627217180560457,15.086433108268816,1.399272560246952e-36
Butte,mean,B,gls_ar1,0.863298592705504,ppt_7day,0.0015951687301418852,0.006496522786207558,0.24554192798777033,0.8062475659785039
Butte,mean,B,gls_ar1,0.863298592705504,Air_trange,0.03743815109422822,0.008504200100082078,4.402313051625735,1.6156332688650638e-5
Butte,range,A,gls_ar1,0.24626630768595892,(Intercept),-1.7267378873116044,2.3918516983101386,-0.7219251463339295,0.4710582157310442
Butte,range,A,gls_ar1,0.24626630768595892,Solar_daily,0.11047979375674724,0.008679557538895702,12.728735682856428,1.4056387648651397e-28
Butte,range,A,gls_ar1,0.24626630768595892,WL_max_7day,9.794383350833622,7.837669701823955,1.249655028018635,0.2126687308727598
Butte,range,A,gls_ar1,0.24626630768595892,Air_tmin_7day,-0.040735577040960466,0.021505048217988498,-1.8942332343568546,0.0594220135626349
Butte,range,A,gls_ar1,0.24626630768595892,GWT_min_7day,-0.11450484278230773,0.06675952242894792,-1.715183671425677,0.08762971102029408
Butte,range,A,gls_ar1,0.24626630768595892,ppt,-0.030831012434425306,0.013111029510110023,-2.351532533021244,0.01952295808876193
Butte,range,A,gls_ar1,0.24626630768595892,Air_trange,0.02857556649274686,0.011247700640366705,2.540569615641479,0.011712075159193107
Butte,range,A,gls_ar1,0.24626630768595892,WL_daily_range,40.224433154593086,4.52912043620236,8.881290246351018,1.7447403426866117e-16
Butte,range,A,gls_ar1,0.24626630768595892,GWT_range,0.3247689434128592,0.7126346136799493,0.4557299591943704,0.6490049989267099
Butte,range,B,gls_ar1,0.24928155843234284,(Intercept),0.165398372681955,0.2783466560724265,0.5942172074771322,0.5529288924922571
Butte,range,B,gls_ar1,0.24928155843234284,Solar_daily,0.14017998080301194,0.008482614995322395,16.525562091443735,1.9883067037760714e-41
Butte,range,B,gls_ar1,0.24928155843234284,Air_tmin_7day,-0.09991192523226923,0.019550345767719867,-5.110494024982241,6.578147454647119e-7
Butte,range,B,gls_ar1,0.24928155843234284,ppt,-0.030074355434272875,0.014835271466617894,-2.0272197581248,0.04375000838158376
Butte,range,B,gls_ar1,0.24928155843234284,Air_trange,0.044582951603170946,0.012751696533825796,3.496236872082703,5.623839614279414e-4
Cooper,max,A,gls_ar1,0.7965689106457713,(Intercept),7.09810218101551,0.7690855573442271,9.229275095902683,4.7468718502237834e-17
Cooper,max,A,gls_ar1,0.7965689106457713,Solar_daily,0.18482281011372292,0.017288843287106788,10.690293563569702,2.870940610604699e-21
Cooper,max,A,gls_ar1,0.7965689106457713,Air_tmin_3day,0.09451311948587117,0.0490865162972616,1.9254395425723825,0.055636663722900936
Cooper,max,A,gls_ar1,0.7965689106457713,ppt_7day,-0.024011656281291986,0.019383770279822913,-1.2387505596001807,0.21693460892098407
Cooper,max,A,gls_ar1,0.7965689106457713,Air_trange,0.0027840590614536865,0.019767022518502913,0.14084362269773656,0.8881396152300572
Cooper,max,B,gls_ar1,0.7965689106457713,(Intercept),7.09810218101551,0.7690855573442271,9.229275095902683,4.7468718502237834e-17
Cooper,max,B,gls_ar1,0.7965689106457713,Solar_daily,0.18482281011372292,0.017288843287106788,10.690293563569702,2.870940610604699e-21
Cooper,max,B,gls_ar1,0.7965689106457713,Air_tmin_3day,0.09451311948587117,0.0490865162972616,1.9254395425723825,0.055636663722900936
Cooper,max,B,gls_ar1,0.7965689106457713,ppt_7day,-0.024011656281291986,0.019383770279822913,-1.2387505596001807,0.21693460892098407
Cooper,max,B,gls_ar1,0.7965689106457713,Air_trange,0.0027840590614536865,0.019767022518502913,0.14084362269773656,0.8881396152300572
Cooper,mean,A,gls_ar1,0.8684842735013824,(Intercept),6.777400963159459,0.35142659184301744,19.28539592754247,5.57863370448352e-47
Cooper,mean,A,gls_ar1,0.8684842735013824,Solar_daily,0.04268556460768478,0.007169827248107255,5.953499733058873,1.209921947924228e-8
Cooper,mean,A,gls_ar1,0.8684842735013824,Air_tmin_3day,0.102386965080117,0.020881001304530245,4.903355140249123,1.9866059960346215e-6
Cooper,mean,A,gls_ar1,0.8684842735013824,ppt_7day,-0.007166559248941943,0.00830211597219149,-0.8632208069541341,0.3890819938250195
Cooper,mean,A,gls_ar1,0.8684842735013824,Air_trange,0.013760633516210659,0.00802787471269373,1.7141066606896906,0.08810627304330705
Cooper,mean,B,gls_ar1,0.8684842735013824,(Intercept),6.777400963159459,0.35142659184301744,19.28539592754247,5.57863370448352e-47
Cooper,mean,B,gls_ar1,0.8684842735013824,Solar_daily,0.04268556460768478,0.007169827248107255,5.953499733058873,1.209921947924228e-8
Cooper,mean,B,gls_ar1,0.8684842735013824,Air_tmin_3day,0.102386965080117,0.020881001304530245,4.903355140249123,1.9866059960346215e-6
Cooper,mean,B,gls_ar1,0.8684842735013824,ppt_7day,-0.007166559248941943,0.00830211597219149,-0.8632208069541341,0.3890819938250195
Cooper,mean,B,gls_ar1,0.8684842735013824,Air_trange,0.013760633516210659,0.00802787471269373,1.7141066606896906,0.08810627304330705
Cooper,range,A,gls_ar1,0.7017350728208097,(Intercept),0.6561610150076962,0.9009015715724005,0.7283381844505575,0.46728936860184334
Cooper,range,A,gls_ar1,0.7017350728208097,Solar_daily,0.2068197160645725,0.01913113953012932,10.810632358770658,1.3311275516267268e-21
Cooper,range,A,gls_ar1,0.7017350728208097,Air_tmean,-0.06557971694056942,0.035662342127901786,-1.838906617668856,0.06746546551593047
Cooper,range,A,gls_ar1,0.7017350728208097,Air_tmin_7day,0.05629467001396249,0.08651273861200168,0.6507096055118163,0.5160078753571702
Cooper,range,A,gls_ar1,0.7017350728208097,ppt,-0.06563055279685581,0.028586364016836032,-2.295869203869456,0.02275781760582498
Cooper,range,A,gls_ar1,0.7017350728208097,Air_trange,0.026799187777719273,0.027980982031480108,0.9577643753735572,0.3393798046075499
Cooper,range,B,gls_ar1,0.7017350728208097,(Intercept),0.6561610150076962,0.9009015715724005,0.7283381844505575,0.46728936860184334
Cooper,range,B,gls_ar1,0.7017350728208097,Solar_daily,0.2068197160645725,0.01913113953012932,10.810632358770658,1.3311275516267268e-21
Cooper,range,B,gls_ar1,0.7017350728208097,Air_tmean,-0.06557971694056942,0.035662342127901786,-1.838906617668856,0.06746546551593047
Cooper,range,B,gls_ar1,0.7017350728208097,Air_tmin_7day,0.05629467001396249,0.08651273861200168,0.6507096055118163,0.5160078753571702
Cooper,range,B,gls_ar1,0.7017350728208097,ppt,-0.06563055279685581,0.028586364016836032,-2.295869203869456,0.02275781760582498
Cooper,range,B,gls_ar1,0.7017350728208097,Air_trange,0.026799187777719273,0.027980982031480108,0.9577643753735572,0.3393798046075499
Crater,max,A,gls_ar1,0.9891343798758075,(Intercept),8.848095784927837,1.6891727921686341,5.238123551332048,3.685650931506159e-7
Crater,max,A,gls_ar1,0.9891343798758075,WL_min_7day,6.329971400387661,2.6229678567243386,2.4132859211979705,0.016599433300972143
Crater,max,A,gls_ar1,0.9891343798758075,Air_tmean_3day,0.09599271881012028,0.012697391344306226,7.560034672253006,9.767209069427107e-13
Crater,max,A,gls_ar1,0.9891343798758075,ppt_7day,-0.013675600085000872,0.004871274157333266,-2.807396923947194,0.005426897142747943
Crater,max,A,gls_ar1,0.9891343798758075,Air_trange,0.008275743044222393,0.005484409324203041,1.5089579487987925,0.13269401051609164
Crater,max,A,gls_ar1,0.9891343798758075,GWT_range,-0.4036658651143264,0.29897984624295243,-1.3501440655177326,0.17830852556708107
Crater,max,A,gls_ar1,0.9891343798758075,GWL_range,1.323077686211444,1.4859451933692263,0.8903946741208556,0.374192573418586
Crater,max,A,gls_ar1,0.9891343798758075,Water_area_m2_3d,-7.447266701077492e-5,2.6824240280444666e-5,-2.776319710536845,0.0059546844647370666
Crater,max,B,gls_ar1,0.9921343073543686,(Intercept),8.612570768971572,1.5793073259347534,5.453384928657886,1.2311010513028757e-7
Crater,max,B,gls_ar1,0.9921343073543686,Solar_7d,0.09069272870539456,0.024439776127305024,3.7108657719687246,2.569695915732829e-4
Crater,max,B,gls_ar1,0.9921343073543686,Air_tmean_3day,0.09381632292369474,0.01228684328044972,7.635510666354076,5.376833131873753e-13
Crater,max,B,gls_ar1,0.9921343073543686,ppt_7day,-0.003710612932479118,0.005111152347971727,-0.7259836294943568,0.46855913618333145
Crater,max,B,gls_ar1,0.9921343073543686,Air_trange,0.004837306322276097,0.005338280320481309,0.9061544227486271,0.3657667549345772
Crater,mean,A,gls_ar1,0.992502709639302,(Intercept),8.67570374693173,1.8456705113841436,4.700570168629646,4.4899761627448e-6
Crater,mean,A,gls_ar1,0.992502709639302,WL_min_7day,5.379545243400127,2.504159697337495,2.148243679953733,0.03274858985296314
Crater,mean,A,gls_ar1,0.992502709639302,Air_tmean_3day,0.11024929584973232,0.011740246539703734,9.390713855700211,6.4003689826028175e-18
Crater,mean,A,gls_ar1,0.992502709639302,ppt_7day,-0.01755413962437133,0.0045026892373243995,-3.8985900867549983,1.2726986983485467e-4
Crater,mean,A,gls_ar1,0.992502709639302,Air_trange,0.015251508133130833,0.0050667502255272775,3.010116436427191,0.002905322419227616
Crater,mean,A,gls_ar1,0.992502709639302,GWT_range,-0.15357693496054056,0.2762021612347936,-0.5560308951745967,0.5787349810875464
Crater,mean,A,gls_ar1,0.992502709639302,GWL_range,-1.9882701109722856,1.3729842918296071,-1.448137551757976,0.14895232317685408
Crater,mean,A,gls_ar1,0.992502709639302,Water_area_m2_3d,-7.781169490231435e-5,2.5007407825426935e-5,-3.1115458045674482,0.002098753883782451
Crater,mean,B,gls_ar1,0.9936619654064931,(Intercept),8.157124703492858,1.7020081314113318,4.792647316396099,2.8930529536800237e-6
Crater,mean,B,gls_ar1,0.9936619654064931,Solar_7d,0.07870521940735689,0.022871027354272707,3.4412629650697952,6.832786421243597e-4
Crater,mean,B,gls_ar1,0.9936619654064931,Air_tmean_3day,0.11273025647670806,0.011485228480474332,9.81523847508625,2.5233871068657305e-19
Crater,mean,B,gls_ar1,0.9936619654064931,ppt_7day,-0.006358466898878036,0.0047777324742742065,-1.3308545284013547,0.18450512299373664
Crater,mean,B,gls_ar1,0.9936619654064931,Air_trange,0.011457467156483195,0.004989393341193285,2.29636478284612,0.022521012772990023
Crater,range,A,gls_ar1,0.7919127667267796,(Intercept),0.443070276842979,0.36727928066546095,1.2063579411291454,0.22893526177187193
Crater,range,A,gls_ar1,0.7919127667267796,Solar_daily,0.008011215388675717,0.0032460829014185834,2.467963891240949,0.014327230171904886
Crater,range,A,gls_ar1,0.7919127667267796,WL_min_7day,0.3668628888779682,0.46195490240897025,0.7941530373741618,0.4279357667433412
Crater,range,A,gls_ar1,0.7919127667267796,Air_tmax_7day,-0.023824401772723908,0.012516908172275956,-1.9033775310018834,0.0582563234825249
Crater,range,A,gls_ar1,0.7919127667267796,ppt_7day,0.003755276515441032,0.0037155602757979163,1.0106891657502681,0.3132413112303733
Crater,range,A,gls_ar1,0.7919127667267796,Air_trange,-0.00929403559387729,0.00425245860132375,-2.185567565780451,0.02986998263812415
Crater,range,A,gls_ar1,0.7919127667267796,WL_daily_range,5.5431981888161115,1.2085267572494791,4.586740140890249,7.443723435538014e-6
Crater,range,A,gls_ar1,0.7919127667267796,GWT_range,-0.3186636163912757,0.23344794373124628,-1.36503072718487,0.1735947568189467
Crater,range,A,gls_ar1,0.7919127667267796,Water_area_m2_3d,1.811243609474773e-5,1.0552220226641504e-5,1.716457362121644,0.0874425204241484
Crater,range,B,gls_ar1,0.7694924620934173,(Intercept),1.0974930611156521,0.27767093734006554,3.9524952507778828,1.018876990927182e-4
Crater,range,B,gls_ar1,0.7694924620934173,Solar_daily,0.011583958629143978,0.003243031711880017,3.571953547882097,4.2839642484653094e-4
Crater,range,B,gls_ar1,0.7694924620934173,Air_tmax_7day,-0.03660485916121256,0.011298032279384416,-3.2399322515661115,0.0013655279128937231
Crater,range,B,gls_ar1,0.7694924620934173,ppt_7day,-0.00187972167807015,0.0036014022914046873,-0.5219416010692283,0.6021943754618453
Crater,range,B,gls_ar1,0.7694924620934173,Air_trange,-0.00644127910429569,0.004388026192614936,-1.4679217537799538,0.14344027008000762
Hideaway,max,A,gls_ar1,0.3199948665743166,(Intercept),2.3582465799309706,0.8268675144555735,2.8520247061389132,0.0048250042147820185
Hideaway,max,A,gls_ar1,0.3199948665743166,Solar_2d,0.3828506077085723,0.024915960011283166,15.365677563104084,3.6812950969127053e-35
Hideaway,max,A,gls_ar1,0.3199948665743166,Air_tmin,0.07796268189465896,0.02895590856125544,2.692461945365348,0.007726330363734093
Hideaway,max,A,gls_ar1,0.3199948665743166,GWL_max_7day,0.38054425210980075,0.6017549196896282,0.6323907618504839,0.5278918406112257
Hideaway,max,A,gls_ar1,0.3199948665743166,ppt_7day,-0.013133896500934399,0.017243575809555628,-0.7616689627482122,0.44720198840521774
Hideaway,max,A,gls_ar1,0.3199948665743166,Air_trange,-0.012285506455031129,0.024798432178657077,-0.4954146442211264,0.6208799486838301
Hideaway,max,A,gls_ar1,0.3199948665743166,GWT_range,-2.0751201033605047,0.9303899222720666,-2.230376806202866,0.02689255884238006
Hideaway,max,A,gls_ar1,0.3199948665743166,GWL_range,11.765655893921359,5.95117013357133,1.9770323532761653,0.04948438607021396
Hideaway,max,A,gls_ar1,0.3199948665743166,Water_area_m2_3d,-3.698836034005228e-4,2.334596281501811e-4,-1.5843578880481304,0.11477530857909812
Hideaway,max,B,gls_ar1,0.3978117815857421,(Intercept),1.7258567601130907,0.622826594805475,2.7710068492693716,0.006112674689478442
Hideaway,max,B,gls_ar1,0.3978117815857421,Solar_2d,0.382421886371413,0.023192319807406405,16.48916061640749,3.357410419059526e-39
Hideaway,max,B,gls_ar1,0.3978117815857421,Air_tmin,0.08816109372500726,0.029238317393186455,3.015258796853743,0.00289871444865872
Hideaway,max,B,gls_ar1,0.3978117815857421,ppt_7day,-0.018426355335393593,0.015592190180101339,-1.181768252090024,0.23869391868165496
Hideaway,max,B,gls_ar1,0.3978117815857421,Air_trange,-0.03183028399727859,0.02447628965548616,-1.3004538042858178,0.19493456008116333
Hideaway,mean,A,gls_ar1,0.4687594122103627,(Intercept),2.0798752250339447,0.3850133220503954,5.402086384849053,1.9552456447696148e-7
Hideaway,mean,A,gls_ar1,0.4687594122103627,Solar_2d,0.18561943400312791,0.011070765711768685,16.766630135240483,2.5509484691771815e-39
Hideaway,mean,A,gls_ar1,0.4687594122103627,Air_tmin,0.10639071500831808,0.012236124946642385,8.6948045620858,1.6192630133258173e-15
Hideaway,mean,A,gls_ar1,0.4687594122103627,GWL_max,-0.6069520821313469,0.2770601374639177,-2.190687147155523,0.02969137718068981
Hideaway,mean,A,gls_ar1,0.4687594122103627,ppt_7day,-9.959254270796455e-4,0.007803296705201423,-0.12762880417142078,0.8985777135502737
Hideaway,mean,A,gls_ar1,0.4687594122103627,Air_trange,0.020953376339558356,0.009717479942933002,2.1562561963193567,0.03232048200423071
Hideaway,mean,A,gls_ar1,0.4687594122103627,GWT_range,-0.26107485334901653,0.35900506167433643,-0.7272177504445463,0.4679876707419226
Hideaway,mean,A,gls_ar1,0.4687594122103627,GWL_range,0.6150563371731669,2.2945644255576383,0.26804927781606847,0.7889521713660292
Hideaway,mean,A,gls_ar1,0.4687594122103627,Water_area_m2_3d,-6.86980548525468e-5,1.1100851277225401e-4,-0.6188539341436662,0.5367538442247353
Hideaway,mean,B,gls_ar1,0.583652322190482,(Intercept),2.2696395671977747,0.2996886650383105,7.57332469316995,1.296549089158925e-12
Hideaway,mean,B,gls_ar1,0.583652322190482,Solar_2d,0.17235460107643402,0.010934105093475838,15.763027664630238,5.640105762264967e-37
Hideaway,mean,B,gls_ar1,0.583652322190482,Air_tmin,0.10509429459250792,0.012597016730753158,8.342792332405235,1.1497140368170558e-14
Hideaway,mean,B,gls_ar1,0.583652322190482,ppt_7day,-3.7131401626926217e-4,0.007226897633041037,-0.05137944871000136,0.9590741845006028
Hideaway,mean,B,gls_ar1,0.583652322190482,Air_trange,0.018036096359602172,0.009394888873179023,1.9197775091403668,0.05630187289154003
Hideaway,range,A,gls_ar1,0.04184638926426477,(Intercept),-4.95541553020918,1.8287292239651247,-2.7097590311728315,0.007352474476884138
Hideaway,range,A,gls_ar1,0.04184638926426477,Solar_daily,0.298952024835139,0.021975663854376156,13.603776742134993,7.871271138195897e-30
Hideaway,range,A,gls_ar1,0.04184638926426477,Air_tmin_3day,0.003583727521331931,0.03100441811270004,0.11558764006810898,0.9081020748697379
Hideaway,range,A,gls_ar1,0.04184638926426477,GWT_mean_7day,0.17324278699967235,0.08390742124881657,2.0646896832396187,0.04031776903607876
Hideaway,range,A,gls_ar1,0.04184638926426477,GWL_max_7day,0.6701131578155286,0.59536007635018,1.1255594461819107,0.26177930387666903
Hideaway,range,A,gls_ar1,0.04184638926426477,ppt,-0.09437996073672487,0.03762336052749022,-2.5085468021327966,0.012964077010788007
Hideaway,range,A,gls_ar1,0.04184638926426477,Air_trange,0.08300297302172754,0.023735716801921197,3.496965089127167,5.865187982639894e-4
Hideaway,range,A,gls_ar1,0.04184638926426477,GWT_range,-1.964667255430291,1.0447095044730985,-1.8805871364415079,0.06156618889651211
Hideaway,range,A,gls_ar1,0.04184638926426477,GWL_range,28.42406184596821,6.49170986246925,4.3785169775219375,1.9759384072682134e-5
Hideaway,range,A,gls_ar1,0.04184638926426477,Water_area_m2_3d,2.5459400335995963e-4,2.8951922488802375e-4,0.879368212796328,0.3803183396532641
Hideaway,range,B,gls_ar1,0.15801272412002082,(Intercept),-1.5478943209311782,0.4599178589179711,-3.3655886391818797,9.149251249578776e-4
Hideaway,range,B,gls_ar1,0.15801272412002082,Solar_daily,0.27963883562423414,0.01609934496539535,17.36957846578866,7.05860710601411e-42
Hideaway,range,B,gls_ar1,0.15801272412002082,Air_tmin_3day,0.014229163454146487,0.030339328349981497,0.46900060838542473,0.6395774926165283
Hideaway,range,B,gls_ar1,0.15801272412002082,ppt,-0.09858521902971207,0.03494548487695621,-2.821114641185627,0.005265746089635236
Hideaway,range,B,gls_ar1,0.15801272412002082,Air_trange,0.07614734057781543,0.02370313967965366,3.212542372316141,0.0015323464036895993
Pint,max,A,gls_ar1,0.9788595661144698,(Intercept),12.333124993734764,4.137949524924648,2.9804918884213194,0.003524388984140689
Pint,max,A,gls_ar1,0.9788595661144698,Air_tmin_7day,0.25834809181946267,0.03523268667574206,7.332625359999499,3.649886550961667e-11
Pint,max,A,gls_ar1,0.9788595661144698,GWT_min,-0.07089497289600946,0.3622761754122231,-0.19569316921086574,0.8452017972495391
Pint,max,A,gls_ar1,0.9788595661144698,ppt_7day,-0.008846699759782082,0.004492826681699463,-1.969072120190427,0.051392752229124
Pint,max,A,gls_ar1,0.9788595661144698,Air_trange,0.0033756343174335783,0.005625277860417947,0.6000831249930071,0.5496523532862725
Pint,max,A,gls_ar1,0.9788595661144698,WL_daily_range,0.898843397983845,0.7433815040687997,1.209128009056111,0.22913748149662277
Pint,max,A,gls_ar1,0.9788595661144698,GWT_range,0.06280185181089376,0.3650598438843722,0.17203166237803302,0.8637203558049076
Pint,max,A,gls_ar1,0.9788595661144698,GWL_range,1.777797896010625,1.8931040415386837,0.9390914904844112,0.34968677952809646
Pint,max,A,gls_ar1,0.9788595661144698,Water_area_m2_3d,-1.2561987852125595e-4,3.4126735806425015e-4,-0.36809813641070704,0.7134886929258126
Pint,max,B,gls_ar1,0.9552020881498601,(Intercept),11.325128539530708,0.8123928534916511,13.940458105774184,1.2647728204567208e-26
Pint,max,B,gls_ar1,0.9552020881498601,Solar_7d,0.020297310682360584,0.027567080983712508,0.7362879912585909,0.46302914100350223
Pint,max,B,gls_ar1,0.9552020881498601,Air_tmin_7day,0.25541393975620813,0.03425313506424965,7.456658763559026,1.687536711696239e-11
Pint,max,B,gls_ar1,0.9552020881498601,ppt_7day,-0.01098051884170493,0.0049657402017645085,-2.211255199739034,0.02896186513512576
Pint,max,B,gls_ar1,0.9552020881498601,Air_trange,0.0016533614587122619,0.0057825603059676435,0.28592204339070726,0.775443443337754
Pint,mean,A,gls_ar1,0.9831380565485174,(Intercept),11.319595583155028,4.19802792315682,2.696407882547611,0.008081432572556942
Pint,mean,A,gls_ar1,0.9831380565485174,Air_tmin_7day,0.27320168078359564,0.033923159134150574,8.053544768728878,9.051207027494061e-13
Pint,mean,A,gls_ar1,0.9831380565485174,GWT_min,-0.008681681205323586,0.3668944227156091,-0.023662614277603827,0.9811634620656786
Pint,mean,A,gls_ar1,0.9831380565485174,ppt_7day,-0.011552652806581472,0.0043132875956208945,-2.678386857002165,0.008501343013771884
Pint,mean,A,gls_ar1,0.9831380565485174,Air_trange,0.001739386002529816,0.005399119769923201,0.32216103302975213,0.7479259495884265
Pint,mean,A,gls_ar1,0.9831380565485174,WL_daily_range,0.7498833597822451,0.7137834150646278,1.0505754882443559,0.2956951845121288
Pint,mean,A,gls_ar1,0.9831380565485174,GWT_range,0.11926554971148468,0.35471202315080685,0.3362320472029181,0.7373194461470725
Pint,mean,A,gls_ar1,0.9831380565485174,GWL_range,0.9637162774254624,1.8172549508109979,0.5303142946427956,0.5969346232726997
Pint,mean,A,gls_ar1,0.9831380565485174,Water_area_m2_3d,-1.207126170718738e-4,3.32961348446908e-4,-0.3625424321319443,0.7176239111745044
Pint,mean,B,gls_ar1,0.9734942720242328,(Intercept),11.47512546944148,0.9123472586639023,12.57758530041112,1.7960757337512517e-23
Pint,mean,B,gls_ar1,0.9734942720242328,Solar_7d,-0.0053042834428766944,0.02638936398052756,-0.20100080649123148,0.8410469528628093
Pint,mean,B,gls_ar1,0.9734942720242328,Air_tmin_7day,0.27474353788545597,0.032710942255161565,8.399132490355068,1.2176523460478185e-13
Pint,mean,B,gls_ar1,0.9734942720242328,ppt_7day,-0.014684557766349488,0.00468251130722661,-3.1360432047834093,0.002166047649678508
Pint,mean,B,gls_ar1,0.9734942720242328,Air_trange,7.8403870710166e-4,0.005430095118811906,0.1443876561914087,0.8854427811920822
Pint,range,A,gls_ar1,0.5829707399158295,(Intercept),1.4684425239337675,0.4918572144001228,2.985505713735854,0.003477351963705008
Pint,range,A,gls_ar1,0.5829707399158295,Solar_daily,0.00909695153559532,0.0043147688846362515,2.1083288071319775,0.03723226233114365
Pint,range,A,gls_ar1,0.5829707399158295,Air_tmin_7day,0.0031015807293409674,0.016361052785073202,0.18957097505184112,0.8499884649711403
Pint,range,A,gls_ar1,0.5829707399158295,GWT_min,-0.1436844267615436,0.04407437689800601,-3.2600444265848285,0.001475834591966662
Pint,range,A,gls_ar1,0.5829707399158295,ppt_7day,0.006443753496315289,0.0029813826483297934,2.1613305826158067,0.03279893847103573
Pint,range,A,gls_ar1,0.5829707399158295,Air_trange,0.005164954945133615,0.00462675273279734,1.116323962705238,0.26667273947208686
Pint,range,A,gls_ar1,0.5829707399158295,WL_daily_range,3.5509760900641245,0.6694883285520766,5.30401492994498,5.76767424184234e-7
Pint,range,A,gls_ar1,0.5829707399158295,GWT_range,-0.05197581352492019,0.28509150325527294,-0.18231274145824222,0.8556668794097414
Pint,range,A,gls_ar1,0.5829707399158295,GWL_range,0.09164760814161696,1.7718429046736213,0.05172445474701874,0.9588403908093358
Pint,range,A,gls_ar1,0.5829707399158295,Water_area_m2_3d,6.423555356585435e-6,7.214761904829331e-5,0.08903350438059103,0.9292142953456941
Pint,range,B,gls_ar1,0.5937534703927076,(Intercept),0.3719132814021019,0.2188503324958247,1.699395551108872,0.09190198166718608
Pint,range,B,gls_ar1,0.5937534703927076,Solar_daily,0.008353828692799265,0.00459837416134913,1.8166918131664849,0.07182421071512482
Pint,range,B,gls_ar1,0.5937534703927076,Air_tmin_7day,-0.036720729721170894,0.017915770789961174,-2.049631587257568,0.042635930130063324
Pint,range,B,gls_ar1,0.5937534703927076,ppt_7day,0.0039082462781873,0.003860247632134962,1.0124340847081337,0.3134197106547814
Pint,range,B,gls_ar1,0.5937534703927076,Air_trange,0.00440792003550289,0.006101300074588287,0.7224558670473742,0.47145583812483316
Sam,max,A,gls_ar1,0.8021537839208848,(Intercept),15.096733034861703,1.2973474668615388,11.636615032195476,5.146115315424189e-25
Sam,max,A,gls_ar1,0.8021537839208848,Solar_daily,0.038553177100811506,0.006370230795349117,6.05208482068798,5.603842374710469e-9
Sam,max,A,gls_ar1,0.8021537839208848,WL_daily_min,-34.20973724023342,5.539817584960841,-6.175246154874112,2.8788403882287832e-9
Sam,max,A,gls_ar1,0.8021537839208848,GWL_min,-0.46343734516675916,0.7467766357052197,-0.6205836163166933,0.5354750029923312
Sam,max,A,gls_ar1,0.8021537839208848,ppt,0.004056685545618284,0.007093016950426528,0.5719266673082377,0.5679183201150726
Sam,max,A,gls_ar1,0.8021537839208848,Air_trange,0.02580179744636264,0.006649845510700142,3.8800596803106857,1.3566303667674986e-4
Sam,max,A,gls_ar1,0.8021537839208848,WL_daily_range,-9.614490850567671,4.696474931201681,-2.0471717599709667,0.041753581879978685
Sam,max,A,gls_ar1,0.8021537839208848,GWT_range,0.21766724967942996,0.36561710845700074,0.595342079581676,0.5521877051820561
Sam,max,A,gls_ar1,0.8021537839208848,GWL_range,6.57518748668463,2.0752228821758307,3.1684247235124325,0.0017360448892373042
Sam,max,B,gls_ar1,0.8797967517876258,(Intercept),8.610121133527144,0.25803590388371594,33.36791897536593,4.0448042252469e-92
Sam,max,B,gls_ar1,0.8797967517876258,Solar_daily,0.05379731027379713,0.005514233491190294,9.75608130481695,3.7336655143054746e-19
Sam,max,B,gls_ar1,0.8797967517876258,ppt,-0.013762183964199641,0.007227543403381125,-1.9041302412326626,0.05808915883895243
Sam,max,B,gls_ar1,0.8797967517876258,Air_trange,0.021356511099154384,0.007221879388206417,2.957195759047197,0.0034144164995347174
Sam,mean,A,gls_ar1,0.9335046931173346,(Intercept),16.689832930606716,1.094863825919281,15.243752269003338,6.0389171771523196e-37
Sam,mean,A,gls_ar1,0.9335046931173346,Solar_2d,0.014973263734969,0.00748454265163167,2.0005582748205395,0.04659060075566467
Sam,mean,A,gls_ar1,0.9335046931173346,WL_daily_mean,-40.11895340107515,4.371806997497858,-9.176743946847761,2.3517393731780313e-17
Sam,mean,A,gls_ar1,0.9335046931173346,GWL_min,-0.9278767800432213,0.8988533926434178,-1.0322893451116084,0.30299778705109953
Sam,mean,A,gls_ar1,0.9335046931173346,ppt_7day,0.0026383683047541736,0.004011403081697394,0.6577170758012603,0.5113636749764923
Sam,mean,A,gls_ar1,0.9335046931173346,Air_trange,0.013761777445305618,0.004891125512986488,2.8136218154219415,0.005313444413411251
Sam,mean,A,gls_ar1,0.9335046931173346,WL_daily_range,-10.075658740337314,2.7344387468989435,-3.6847264367372863,2.842310214208516e-4
Sam,mean,A,gls_ar1,0.9335046931173346,GWT_range,0.013267854599827184,0.23755721226252702,0.05585119674314386,0.9555078050248413
Sam,mean,A,gls_ar1,0.9335046931173346,GWL_range,3.8701957773274227,1.4282114923350706,2.7098197977666474,0.007228056691360758
Sam,mean,B,gls_ar1,0.9216233207578786,(Intercept),8.553495610902054,0.2868315558028858,29.820622723882316,1.1282789543475369e-82
Sam,mean,B,gls_ar1,0.9216233207578786,Solar_2d,0.013937814264736418,0.007655184687860499,1.8207025477567953,0.0698973646729911
Sam,mean,B,gls_ar1,0.9216233207578786,ppt_7day,-0.0021438366554779277,0.004502196133006286,-0.4761757578176425,0.6343823583271118
Sam,mean,B,gls_ar1,0.9216233207578786,Air_trange,0.01887850591076759,0.0057851021863888,3.2632968792124326,0.0012615139511487124
Sam,range,A,gls_ar1,0.31615943077008557,(Intercept),3.9113063715985574,0.6047296786518369,6.46785912726871,5.745017346794185e-10
Sam,range,A,gls_ar1,0.31615943077008557,Solar_daily,0.029677422614557362,0.0061028005345969425,4.862918662721359,2.1231988419056423e-6
Sam,range,A,gls_ar1,0.31615943077008557,WL_daily_min,-18.593957653811145,2.456809888980132,-7.568333934674061,8.64503138218686e-13
Sam,range,A,gls_ar1,0.31615943077008557,Air_tmax,0.005973577401392503,0.005664752574285872,1.0545169136792463,0.2927339081641905
Sam,range,A,gls_ar1,0.31615943077008557,Air_tmin_3day,-0.013662777502246008,0.012110765605977888,-1.1281514271485895,0.260411327925697
Sam,range,A,gls_ar1,0.31615943077008557,GWL_min_7day,1.7765308252082717,0.29421686716825085,6.0381678396172465,6.070272802405405e-9
Sam,range,A,gls_ar1,0.31615943077008557,ppt,0.0026444389536887576,0.007777836930825609,0.3399967082374988,0.7341639995661988
Sam,range,A,gls_ar1,0.31615943077008557,WL_daily_range,23.031208213114994,3.937385990359355,5.849365104032636,1.651715678046046e-8
Sam,range,A,gls_ar1,0.31615943077008557,GWT_range,-0.17278190284849884,0.4325189229736963,-0.3994782509411885,0.689905214408991
Sam,range,A,gls_ar1,0.31615943077008557,GWL_range,3.9820706741731615,2.085966024248904,1.9089815595663835,0.05748782855496198
Sam,range,B,gls_ar1,0.32815273380058685,(Intercept),0.15655648395324356,0.1703725697194332,0.9189066303986507,0.3590708605354851
Sam,range,B,gls_ar1,0.32815273380058685,Solar_daily,0.06276995705854348,0.005327690458469947,11.781832587280286,1.4481618154250477e-25
Sam,range,B,gls_ar1,0.32815273380058685,Air_tmax,0.00574710474331812,0.0068743122894654035,0.83602613633444,0.4039752453932973
Sam,range,B,gls_ar1,0.32815273380058685,Air_tmin_3day,-0.010149285426013894,0.013297890410833754,-0.7632252268935303,0.44608178672346555
Sam,range,B,gls_ar1,0.32815273380058685,ppt,-0.02045710885705617,0.009002602394870614,-2.272355032441726,0.023954123670024922
